<?xml version='1.0' standalone='yes' ?>
<LVData xmlns="http://www.ni.com/LVData">
<Version>19.0</Version>
<Object>
<Name>Cloned Robot</Name>
<NumLevels>1</NumLevels>
<Class>NI_Robotics_Simulator.lvlib:ODESimulator_Base_Robot.lvclass</Class>
<Version>1.0.0.17</Version>
<Cluster>
<Name>ODESimulator_Base_Robot.lvclass</Name>
<NumElts>12</NumElts>
<String>
<Name>ID</Name>
<Val>plate</Val>
</String>
<String>
<Name>Type</Name>
<Val></Val>
</String>
<Cluster>
<Name>Position</Name>
<NumElts>3</NumElts>
<SGL>
<Name>X</Name>
<Val>0.00000</Val>
</SGL>
<SGL>
<Name>Y</Name>
<Val>0.00000</Val>
</SGL>
<SGL>
<Name>Z</Name>
<Val>0.00000</Val>
</SGL>
</Cluster>
<Cluster>
<Name>Rotation</Name>
<NumElts>2</NumElts>
<Cluster>
<Name>Axis</Name>
<NumElts>3</NumElts>
<SGL>
<Name>X</Name>
<Val>0.00000</Val>
</SGL>
<SGL>
<Name>Y</Name>
<Val>0.00000</Val>
</SGL>
<SGL>
<Name>Z</Name>
<Val>1.00000</Val>
</SGL>
</Cluster>
<SGL>
<Name>Angle</Name>
<Val>0.00000</Val>
</SGL>
</Cluster>
<Array>
<Name>Sensors</Name>
<Dimsize>0</Dimsize>
<Object>
<Name>NI_Robotics_Simulator.lvlib:ODESimulator_Base_Sensor.lvclass</Name>
</Object>
</Array>
<Array>
<Name>Components</Name>
<Dimsize>7</Dimsize>
<Object>
<Name>ODE Simulator.lvlib:Base.lvclass</Name>
<NumLevels>2</NumLevels>
<Class>NI_Robotics_Simulator.lvlib:3D_Physics_Box.lvclass</Class>
<Version>1.0.0.1</Version>
<Version>1.0.0.16</Version>
<Cluster>
<Name>3D_Physics_Base.lvclass</Name>
<NumElts>18</NumElts>
<String>
<Name>ID</Name>
<Val>Box</Val>
</String>
<Cluster>
<Name>Position</Name>
<NumElts>3</NumElts>
<SGL>
<Name>X</Name>
<Val>0.00000</Val>
</SGL>
<SGL>
<Name>Y</Name>
<Val>0.00000</Val>
</SGL>
<SGL>
<Name>Z</Name>
<Val>5.70000E-2</Val>
</SGL>
</Cluster>
<Cluster>
<Name>Rotation</Name>
<NumElts>2</NumElts>
<Cluster>
<Name>Axis</Name>
<NumElts>3</NumElts>
<SGL>
<Name>X</Name>
<Val>0.00000</Val>
</SGL>
<SGL>
<Name>Y</Name>
<Val>0.00000</Val>
</SGL>
<SGL>
<Name>Z</Name>
<Val>1.00000</Val>
</SGL>
</Cluster>
<SGL>
<Name>Angle</Name>
<Val>0.00000</Val>
</SGL>
</Cluster>
<SGL>
<Name>Mass</Name>
<Val>5.00000E-2</Val>
</SGL>
<Array>
<Name>Mass Center</Name>
<Dimsize>3</Dimsize>
<SGL>
<Name>num</Name>
<Val>0.00000</Val>
</SGL>
<SGL>
<Name>num</Name>
<Val>0.00000</Val>
</SGL>
<SGL>
<Name>num</Name>
<Val>0.00000</Val>
</SGL>
</Array>
<Array>
<Name>Inertia Matrix</Name>
<Dimsize>3</Dimsize>
<Dimsize>3</Dimsize>
<SGL>
<Name></Name>
<Val>0.00000</Val>
</SGL>
<SGL>
<Name></Name>
<Val>0.00000</Val>
</SGL>
<SGL>
<Name></Name>
<Val>0.00000</Val>
</SGL>
<SGL>
<Name></Name>
<Val>0.00000</Val>
</SGL>
<SGL>
<Name></Name>
<Val>0.00000</Val>
</SGL>
<SGL>
<Name></Name>
<Val>0.00000</Val>
</SGL>
<SGL>
<Name></Name>
<Val>0.00000</Val>
</SGL>
<SGL>
<Name></Name>
<Val>0.00000</Val>
</SGL>
<SGL>
<Name></Name>
<Val>0.00000</Val>
</SGL>
</Array>
<U16>
<Name>Material</Name>
<Val>3</Val>
</U16>
<Cluster>
<Name>Color</Name>
<NumElts>4</NumElts>
<SGL>
<Name>Red</Name>
<Val>0.82353</Val>
</SGL>
<SGL>
<Name>Green</Name>
<Val>0.82353</Val>
</SGL>
<SGL>
<Name>Blue</Name>
<Val>0.82353</Val>
</SGL>
<SGL>
<Name>Alpha</Name>
<Val>1.00000</Val>
</SGL>
</Cluster>
<Path>
<Name>Model File (.ive)</Name>
<Val></Val>
</Path>
<Path>
<Name>Model File (.stl)</Name>
<Val></Val>
</Path>
<Path>
<Name>Texture File (.png)</Name>
<Val></Val>
</Path>
<String>
<Name>Sub-Space</Name>
<Val></Val>
</String>
<Boolean>
<Name>Kinematic</Name>
<Val>0</Val>
</Boolean>
<Boolean>
<Name>Visible</Name>
<Val>1</Val>
</Boolean>
<U16>
<Name>Draw Mode</Name>
<Val>0</Val>
</U16>
<Refnum>
<Name>3D Object</Name>
<RefKind>LV Object</RefKind>
<RefType>Scene</RefType>
<Val>0x00000000</Val>
</Refnum>
<Refnum>
<Name>ODE Body</Name>
<RefKind>Generic</RefKind>
<RefType>LVODE</RefType>
<Val>0x00000000</Val>
</Refnum>
<Array>
<Name>Visual Model Offset</Name>
<Dimsize>4</Dimsize>
<Dimsize>4</Dimsize>
<SGL>
<Name></Name>
<Val>1.00000</Val>
</SGL>
<SGL>
<Name></Name>
<Val>0.00000</Val>
</SGL>
<SGL>
<Name></Name>
<Val>0.00000</Val>
</SGL>
<SGL>
<Name></Name>
<Val>0.00000</Val>
</SGL>
<SGL>
<Name></Name>
<Val>0.00000</Val>
</SGL>
<SGL>
<Name></Name>
<Val>1.00000</Val>
</SGL>
<SGL>
<Name></Name>
<Val>0.00000</Val>
</SGL>
<SGL>
<Name></Name>
<Val>0.00000</Val>
</SGL>
<SGL>
<Name></Name>
<Val>0.00000</Val>
</SGL>
<SGL>
<Name></Name>
<Val>0.00000</Val>
</SGL>
<SGL>
<Name></Name>
<Val>1.00000</Val>
</SGL>
<SGL>
<Name></Name>
<Val>0.00000</Val>
</SGL>
<SGL>
<Name></Name>
<Val>0.00000</Val>
</SGL>
<SGL>
<Name></Name>
<Val>0.00000</Val>
</SGL>
<SGL>
<Name></Name>
<Val>0.00000</Val>
</SGL>
<SGL>
<Name></Name>
<Val>1.00000</Val>
</SGL>
</Array>
</Cluster>
<Cluster>
<Name>3D_Physics_Box.lvclass</Name>
<NumElts>4</NumElts>
<SGL>
<Name>Length X</Name>
<Val>0.10000</Val>
</SGL>
<SGL>
<Name>Length Y</Name>
<Val>0.10000</Val>
</SGL>
<SGL>
<Name>Length Z</Name>
<Val>3.80000E-2</Val>
</SGL>
<Refnum>
<Name>ODE Geometry</Name>
<RefKind>Generic</RefKind>
<RefType>LVODE</RefType>
<Val>0x00000000</Val>
</Refnum>
</Cluster>
</Object>
<Object>
<Name>ODE Simulator.lvlib:Base.lvclass</Name>
<NumLevels>2</NumLevels>
<Class>NI_Robotics_Simulator.lvlib:3D_Physics_Box.lvclass</Class>
<Version>1.0.0.1</Version>
<Version>1.0.0.16</Version>
<Cluster>
<Name>3D_Physics_Base.lvclass</Name>
<NumElts>18</NumElts>
<String>
<Name>ID</Name>
<Val>Box_O0</Val>
</String>
<Cluster>
<Name>Position</Name>
<NumElts>3</NumElts>
<SGL>
<Name>X</Name>
<Val>0.00000</Val>
</SGL>
<SGL>
<Name>Y</Name>
<Val>3.80000E-2</Val>
</SGL>
<SGL>
<Name>Z</Name>
<Val>1.90000E-2</Val>
</SGL>
</Cluster>
<Cluster>
<Name>Rotation</Name>
<NumElts>2</NumElts>
<Cluster>
<Name>Axis</Name>
<NumElts>3</NumElts>
<SGL>
<Name>X</Name>
<Val>0.00000</Val>
</SGL>
<SGL>
<Name>Y</Name>
<Val>0.00000</Val>
</SGL>
<SGL>
<Name>Z</Name>
<Val>1.00000</Val>
</SGL>
</Cluster>
<SGL>
<Name>Angle</Name>
<Val>1.57080</Val>
</SGL>
</Cluster>
<SGL>
<Name>Mass</Name>
<Val>1.00000</Val>
</SGL>
<Array>
<Name>Mass Center</Name>
<Dimsize>3</Dimsize>
<SGL>
<Name>num</Name>
<Val>0.00000</Val>
</SGL>
<SGL>
<Name>num</Name>
<Val>0.00000</Val>
</SGL>
<SGL>
<Name>num</Name>
<Val>0.00000</Val>
</SGL>
</Array>
<Array>
<Name>Inertia Matrix</Name>
<Dimsize>3</Dimsize>
<Dimsize>3</Dimsize>
<SGL>
<Name></Name>
<Val>0.00000</Val>
</SGL>
<SGL>
<Name></Name>
<Val>0.00000</Val>
</SGL>
<SGL>
<Name></Name>
<Val>0.00000</Val>
</SGL>
<SGL>
<Name></Name>
<Val>0.00000</Val>
</SGL>
<SGL>
<Name></Name>
<Val>0.00000</Val>
</SGL>
<SGL>
<Name></Name>
<Val>0.00000</Val>
</SGL>
<SGL>
<Name></Name>
<Val>0.00000</Val>
</SGL>
<SGL>
<Name></Name>
<Val>0.00000</Val>
</SGL>
<SGL>
<Name></Name>
<Val>0.00000</Val>
</SGL>
</Array>
<U16>
<Name>Material</Name>
<Val>3</Val>
</U16>
<Cluster>
<Name>Color</Name>
<NumElts>4</NumElts>
<SGL>
<Name>Red</Name>
<Val>0.82353</Val>
</SGL>
<SGL>
<Name>Green</Name>
<Val>0.82353</Val>
</SGL>
<SGL>
<Name>Blue</Name>
<Val>0.82353</Val>
</SGL>
<SGL>
<Name>Alpha</Name>
<Val>1.00000</Val>
</SGL>
</Cluster>
<Path>
<Name>Model File (.ive)</Name>
<Val></Val>
</Path>
<Path>
<Name>Model File (.stl)</Name>
<Val></Val>
</Path>
<Path>
<Name>Texture File (.png)</Name>
<Val></Val>
</Path>
<String>
<Name>Sub-Space</Name>
<Val></Val>
</String>
<Boolean>
<Name>Kinematic</Name>
<Val>0</Val>
</Boolean>
<Boolean>
<Name>Visible</Name>
<Val>1</Val>
</Boolean>
<U16>
<Name>Draw Mode</Name>
<Val>0</Val>
</U16>
<Refnum>
<Name>3D Object</Name>
<RefKind>LV Object</RefKind>
<RefType>Scene</RefType>
<Val>0x00000000</Val>
</Refnum>
<Refnum>
<Name>ODE Body</Name>
<RefKind>Generic</RefKind>
<RefType>LVODE</RefType>
<Val>0x00000000</Val>
</Refnum>
<Array>
<Name>Visual Model Offset</Name>
<Dimsize>4</Dimsize>
<Dimsize>4</Dimsize>
<SGL>
<Name></Name>
<Val>1.00000</Val>
</SGL>
<SGL>
<Name></Name>
<Val>0.00000</Val>
</SGL>
<SGL>
<Name></Name>
<Val>0.00000</Val>
</SGL>
<SGL>
<Name></Name>
<Val>0.00000</Val>
</SGL>
<SGL>
<Name></Name>
<Val>0.00000</Val>
</SGL>
<SGL>
<Name></Name>
<Val>1.00000</Val>
</SGL>
<SGL>
<Name></Name>
<Val>0.00000</Val>
</SGL>
<SGL>
<Name></Name>
<Val>0.00000</Val>
</SGL>
<SGL>
<Name></Name>
<Val>0.00000</Val>
</SGL>
<SGL>
<Name></Name>
<Val>0.00000</Val>
</SGL>
<SGL>
<Name></Name>
<Val>1.00000</Val>
</SGL>
<SGL>
<Name></Name>
<Val>0.00000</Val>
</SGL>
<SGL>
<Name></Name>
<Val>0.00000</Val>
</SGL>
<SGL>
<Name></Name>
<Val>0.00000</Val>
</SGL>
<SGL>
<Name></Name>
<Val>0.00000</Val>
</SGL>
<SGL>
<Name></Name>
<Val>1.00000</Val>
</SGL>
</Array>
</Cluster>
<Cluster>
<Name>3D_Physics_Box.lvclass</Name>
<NumElts>4</NumElts>
<SGL>
<Name>Length X</Name>
<Val>2.50000E-2</Val>
</SGL>
<SGL>
<Name>Length Y</Name>
<Val>0.10000</Val>
</SGL>
<SGL>
<Name>Length Z</Name>
<Val>3.80000E-2</Val>
</SGL>
<Refnum>
<Name>ODE Geometry</Name>
<RefKind>Generic</RefKind>
<RefType>LVODE</RefType>
<Val>0x00000000</Val>
</Refnum>
</Cluster>
</Object>
<Object>
<Name>ODE Simulator.lvlib:Base.lvclass</Name>
<NumLevels>2</NumLevels>
<Class>NI_Robotics_Simulator.lvlib:3D_Physics_Box.lvclass</Class>
<Version>1.0.0.1</Version>
<Version>1.0.0.16</Version>
<Cluster>
<Name>3D_Physics_Base.lvclass</Name>
<NumElts>18</NumElts>
<String>
<Name>ID</Name>
<Val>Box_O1</Val>
</String>
<Cluster>
<Name>Position</Name>
<NumElts>3</NumElts>
<SGL>
<Name>X</Name>
<Val>0.00000</Val>
</SGL>
<SGL>
<Name>Y</Name>
<Val>-3.80000E-2</Val>
</SGL>
<SGL>
<Name>Z</Name>
<Val>1.90000E-2</Val>
</SGL>
</Cluster>
<Cluster>
<Name>Rotation</Name>
<NumElts>2</NumElts>
<Cluster>
<Name>Axis</Name>
<NumElts>3</NumElts>
<SGL>
<Name>X</Name>
<Val>0.00000</Val>
</SGL>
<SGL>
<Name>Y</Name>
<Val>0.00000</Val>
</SGL>
<SGL>
<Name>Z</Name>
<Val>1.00000</Val>
</SGL>
</Cluster>
<SGL>
<Name>Angle</Name>
<Val>1.57080</Val>
</SGL>
</Cluster>
<SGL>
<Name>Mass</Name>
<Val>1.00000</Val>
</SGL>
<Array>
<Name>Mass Center</Name>
<Dimsize>3</Dimsize>
<SGL>
<Name>num</Name>
<Val>0.00000</Val>
</SGL>
<SGL>
<Name>num</Name>
<Val>0.00000</Val>
</SGL>
<SGL>
<Name>num</Name>
<Val>0.00000</Val>
</SGL>
</Array>
<Array>
<Name>Inertia Matrix</Name>
<Dimsize>3</Dimsize>
<Dimsize>3</Dimsize>
<SGL>
<Name></Name>
<Val>0.00000</Val>
</SGL>
<SGL>
<Name></Name>
<Val>0.00000</Val>
</SGL>
<SGL>
<Name></Name>
<Val>0.00000</Val>
</SGL>
<SGL>
<Name></Name>
<Val>0.00000</Val>
</SGL>
<SGL>
<Name></Name>
<Val>0.00000</Val>
</SGL>
<SGL>
<Name></Name>
<Val>0.00000</Val>
</SGL>
<SGL>
<Name></Name>
<Val>0.00000</Val>
</SGL>
<SGL>
<Name></Name>
<Val>0.00000</Val>
</SGL>
<SGL>
<Name></Name>
<Val>0.00000</Val>
</SGL>
</Array>
<U16>
<Name>Material</Name>
<Val>3</Val>
</U16>
<Cluster>
<Name>Color</Name>
<NumElts>4</NumElts>
<SGL>
<Name>Red</Name>
<Val>0.82353</Val>
</SGL>
<SGL>
<Name>Green</Name>
<Val>0.82353</Val>
</SGL>
<SGL>
<Name>Blue</Name>
<Val>0.82353</Val>
</SGL>
<SGL>
<Name>Alpha</Name>
<Val>1.00000</Val>
</SGL>
</Cluster>
<Path>
<Name>Model File (.ive)</Name>
<Val></Val>
</Path>
<Path>
<Name>Model File (.stl)</Name>
<Val></Val>
</Path>
<Path>
<Name>Texture File (.png)</Name>
<Val></Val>
</Path>
<String>
<Name>Sub-Space</Name>
<Val></Val>
</String>
<Boolean>
<Name>Kinematic</Name>
<Val>0</Val>
</Boolean>
<Boolean>
<Name>Visible</Name>
<Val>1</Val>
</Boolean>
<U16>
<Name>Draw Mode</Name>
<Val>0</Val>
</U16>
<Refnum>
<Name>3D Object</Name>
<RefKind>LV Object</RefKind>
<RefType>Scene</RefType>
<Val>0x00000000</Val>
</Refnum>
<Refnum>
<Name>ODE Body</Name>
<RefKind>Generic</RefKind>
<RefType>LVODE</RefType>
<Val>0x00000000</Val>
</Refnum>
<Array>
<Name>Visual Model Offset</Name>
<Dimsize>4</Dimsize>
<Dimsize>4</Dimsize>
<SGL>
<Name></Name>
<Val>1.00000</Val>
</SGL>
<SGL>
<Name></Name>
<Val>0.00000</Val>
</SGL>
<SGL>
<Name></Name>
<Val>0.00000</Val>
</SGL>
<SGL>
<Name></Name>
<Val>0.00000</Val>
</SGL>
<SGL>
<Name></Name>
<Val>0.00000</Val>
</SGL>
<SGL>
<Name></Name>
<Val>1.00000</Val>
</SGL>
<SGL>
<Name></Name>
<Val>0.00000</Val>
</SGL>
<SGL>
<Name></Name>
<Val>0.00000</Val>
</SGL>
<SGL>
<Name></Name>
<Val>0.00000</Val>
</SGL>
<SGL>
<Name></Name>
<Val>0.00000</Val>
</SGL>
<SGL>
<Name></Name>
<Val>1.00000</Val>
</SGL>
<SGL>
<Name></Name>
<Val>0.00000</Val>
</SGL>
<SGL>
<Name></Name>
<Val>0.00000</Val>
</SGL>
<SGL>
<Name></Name>
<Val>0.00000</Val>
</SGL>
<SGL>
<Name></Name>
<Val>0.00000</Val>
</SGL>
<SGL>
<Name></Name>
<Val>1.00000</Val>
</SGL>
</Array>
</Cluster>
<Cluster>
<Name>3D_Physics_Box.lvclass</Name>
<NumElts>4</NumElts>
<SGL>
<Name>Length X</Name>
<Val>2.50000E-2</Val>
</SGL>
<SGL>
<Name>Length Y</Name>
<Val>0.10000</Val>
</SGL>
<SGL>
<Name>Length Z</Name>
<Val>3.80000E-2</Val>
</SGL>
<Refnum>
<Name>ODE Geometry</Name>
<RefKind>Generic</RefKind>
<RefType>LVODE</RefType>
<Val>0x00000000</Val>
</Refnum>
</Cluster>
</Object>
<Object>
<Name>ODE Simulator.lvlib:Base.lvclass</Name>
<NumLevels>2</NumLevels>
<Class>NI_Robotics_Simulator.lvlib:3D_Physics_Cylinder.lvclass</Class>
<Version>1.0.0.1</Version>
<Version>1.0.0.16</Version>
<Cluster>
<Name>3D_Physics_Base.lvclass</Name>
<NumElts>18</NumElts>
<String>
<Name>ID</Name>
<Val>Cylinder</Val>
</String>
<Cluster>
<Name>Position</Name>
<NumElts>3</NumElts>
<SGL>
<Name>X</Name>
<Val>2.00000E-2</Val>
</SGL>
<SGL>
<Name>Y</Name>
<Val>2.00000E-2</Val>
</SGL>
<SGL>
<Name>Z</Name>
<Val>0.12600</Val>
</SGL>
</Cluster>
<Cluster>
<Name>Rotation</Name>
<NumElts>2</NumElts>
<Cluster>
<Name>Axis</Name>
<NumElts>3</NumElts>
<SGL>
<Name>X</Name>
<Val>0.00000</Val>
</SGL>
<SGL>
<Name>Y</Name>
<Val>0.00000</Val>
</SGL>
<SGL>
<Name>Z</Name>
<Val>1.00000</Val>
</SGL>
</Cluster>
<SGL>
<Name>Angle</Name>
<Val>0.00000</Val>
</SGL>
</Cluster>
<SGL>
<Name>Mass</Name>
<Val>1.00000</Val>
</SGL>
<Array>
<Name>Mass Center</Name>
<Dimsize>3</Dimsize>
<SGL>
<Name>num</Name>
<Val>0.00000</Val>
</SGL>
<SGL>
<Name>num</Name>
<Val>0.00000</Val>
</SGL>
<SGL>
<Name>num</Name>
<Val>0.00000</Val>
</SGL>
</Array>
<Array>
<Name>Inertia Matrix</Name>
<Dimsize>3</Dimsize>
<Dimsize>3</Dimsize>
<SGL>
<Name></Name>
<Val>0.00000</Val>
</SGL>
<SGL>
<Name></Name>
<Val>0.00000</Val>
</SGL>
<SGL>
<Name></Name>
<Val>0.00000</Val>
</SGL>
<SGL>
<Name></Name>
<Val>0.00000</Val>
</SGL>
<SGL>
<Name></Name>
<Val>0.00000</Val>
</SGL>
<SGL>
<Name></Name>
<Val>0.00000</Val>
</SGL>
<SGL>
<Name></Name>
<Val>0.00000</Val>
</SGL>
<SGL>
<Name></Name>
<Val>0.00000</Val>
</SGL>
<SGL>
<Name></Name>
<Val>0.00000</Val>
</SGL>
</Array>
<U16>
<Name>Material</Name>
<Val>3</Val>
</U16>
<Cluster>
<Name>Color</Name>
<NumElts>4</NumElts>
<SGL>
<Name>Red</Name>
<Val>0.82353</Val>
</SGL>
<SGL>
<Name>Green</Name>
<Val>0.82353</Val>
</SGL>
<SGL>
<Name>Blue</Name>
<Val>0.82353</Val>
</SGL>
<SGL>
<Name>Alpha</Name>
<Val>1.00000</Val>
</SGL>
</Cluster>
<Path>
<Name>Model File (.ive)</Name>
<Val></Val>
</Path>
<Path>
<Name>Model File (.stl)</Name>
<Val></Val>
</Path>
<Path>
<Name>Texture File (.png)</Name>
<Val></Val>
</Path>
<String>
<Name>Sub-Space</Name>
<Val></Val>
</String>
<Boolean>
<Name>Kinematic</Name>
<Val>0</Val>
</Boolean>
<Boolean>
<Name>Visible</Name>
<Val>1</Val>
</Boolean>
<U16>
<Name>Draw Mode</Name>
<Val>0</Val>
</U16>
<Refnum>
<Name>3D Object</Name>
<RefKind>LV Object</RefKind>
<RefType>Scene</RefType>
<Val>0x00000000</Val>
</Refnum>
<Refnum>
<Name>ODE Body</Name>
<RefKind>Generic</RefKind>
<RefType>LVODE</RefType>
<Val>0x00000000</Val>
</Refnum>
<Array>
<Name>Visual Model Offset</Name>
<Dimsize>4</Dimsize>
<Dimsize>4</Dimsize>
<SGL>
<Name></Name>
<Val>1.00000</Val>
</SGL>
<SGL>
<Name></Name>
<Val>0.00000</Val>
</SGL>
<SGL>
<Name></Name>
<Val>0.00000</Val>
</SGL>
<SGL>
<Name></Name>
<Val>0.00000</Val>
</SGL>
<SGL>
<Name></Name>
<Val>0.00000</Val>
</SGL>
<SGL>
<Name></Name>
<Val>1.00000</Val>
</SGL>
<SGL>
<Name></Name>
<Val>0.00000</Val>
</SGL>
<SGL>
<Name></Name>
<Val>0.00000</Val>
</SGL>
<SGL>
<Name></Name>
<Val>0.00000</Val>
</SGL>
<SGL>
<Name></Name>
<Val>0.00000</Val>
</SGL>
<SGL>
<Name></Name>
<Val>1.00000</Val>
</SGL>
<SGL>
<Name></Name>
<Val>0.00000</Val>
</SGL>
<SGL>
<Name></Name>
<Val>0.00000</Val>
</SGL>
<SGL>
<Name></Name>
<Val>0.00000</Val>
</SGL>
<SGL>
<Name></Name>
<Val>0.00000</Val>
</SGL>
<SGL>
<Name></Name>
<Val>1.00000</Val>
</SGL>
</Array>
</Cluster>
<Cluster>
<Name>3D_Physics_Cylinder.lvclass</Name>
<NumElts>3</NumElts>
<SGL>
<Name>Height</Name>
<Val>0.10000</Val>
</SGL>
<SGL>
<Name>Radius</Name>
<Val>2.00000E-3</Val>
</SGL>
<Refnum>
<Name>ODE Geometry</Name>
<RefKind>Generic</RefKind>
<RefType>LVODE</RefType>
<Val>0x00000000</Val>
</Refnum>
</Cluster>
</Object>
<Object>
<Name>ODE Simulator.lvlib:Base.lvclass</Name>
<NumLevels>2</NumLevels>
<Class>NI_Robotics_Simulator.lvlib:3D_Physics_Cylinder.lvclass</Class>
<Version>1.0.0.1</Version>
<Version>1.0.0.16</Version>
<Cluster>
<Name>3D_Physics_Base.lvclass</Name>
<NumElts>18</NumElts>
<String>
<Name>ID</Name>
<Val>Cylinder_O0</Val>
</String>
<Cluster>
<Name>Position</Name>
<NumElts>3</NumElts>
<SGL>
<Name>X</Name>
<Val>-2.00000E-2</Val>
</SGL>
<SGL>
<Name>Y</Name>
<Val>2.00000E-2</Val>
</SGL>
<SGL>
<Name>Z</Name>
<Val>0.12600</Val>
</SGL>
</Cluster>
<Cluster>
<Name>Rotation</Name>
<NumElts>2</NumElts>
<Cluster>
<Name>Axis</Name>
<NumElts>3</NumElts>
<SGL>
<Name>X</Name>
<Val>0.00000</Val>
</SGL>
<SGL>
<Name>Y</Name>
<Val>0.00000</Val>
</SGL>
<SGL>
<Name>Z</Name>
<Val>1.00000</Val>
</SGL>
</Cluster>
<SGL>
<Name>Angle</Name>
<Val>0.00000</Val>
</SGL>
</Cluster>
<SGL>
<Name>Mass</Name>
<Val>1.00000</Val>
</SGL>
<Array>
<Name>Mass Center</Name>
<Dimsize>3</Dimsize>
<SGL>
<Name>num</Name>
<Val>0.00000</Val>
</SGL>
<SGL>
<Name>num</Name>
<Val>0.00000</Val>
</SGL>
<SGL>
<Name>num</Name>
<Val>0.00000</Val>
</SGL>
</Array>
<Array>
<Name>Inertia Matrix</Name>
<Dimsize>3</Dimsize>
<Dimsize>3</Dimsize>
<SGL>
<Name></Name>
<Val>0.00000</Val>
</SGL>
<SGL>
<Name></Name>
<Val>0.00000</Val>
</SGL>
<SGL>
<Name></Name>
<Val>0.00000</Val>
</SGL>
<SGL>
<Name></Name>
<Val>0.00000</Val>
</SGL>
<SGL>
<Name></Name>
<Val>0.00000</Val>
</SGL>
<SGL>
<Name></Name>
<Val>0.00000</Val>
</SGL>
<SGL>
<Name></Name>
<Val>0.00000</Val>
</SGL>
<SGL>
<Name></Name>
<Val>0.00000</Val>
</SGL>
<SGL>
<Name></Name>
<Val>0.00000</Val>
</SGL>
</Array>
<U16>
<Name>Material</Name>
<Val>3</Val>
</U16>
<Cluster>
<Name>Color</Name>
<NumElts>4</NumElts>
<SGL>
<Name>Red</Name>
<Val>0.82353</Val>
</SGL>
<SGL>
<Name>Green</Name>
<Val>0.82353</Val>
</SGL>
<SGL>
<Name>Blue</Name>
<Val>0.82353</Val>
</SGL>
<SGL>
<Name>Alpha</Name>
<Val>1.00000</Val>
</SGL>
</Cluster>
<Path>
<Name>Model File (.ive)</Name>
<Val></Val>
</Path>
<Path>
<Name>Model File (.stl)</Name>
<Val></Val>
</Path>
<Path>
<Name>Texture File (.png)</Name>
<Val></Val>
</Path>
<String>
<Name>Sub-Space</Name>
<Val></Val>
</String>
<Boolean>
<Name>Kinematic</Name>
<Val>0</Val>
</Boolean>
<Boolean>
<Name>Visible</Name>
<Val>1</Val>
</Boolean>
<U16>
<Name>Draw Mode</Name>
<Val>0</Val>
</U16>
<Refnum>
<Name>3D Object</Name>
<RefKind>LV Object</RefKind>
<RefType>Scene</RefType>
<Val>0x00000000</Val>
</Refnum>
<Refnum>
<Name>ODE Body</Name>
<RefKind>Generic</RefKind>
<RefType>LVODE</RefType>
<Val>0x00000000</Val>
</Refnum>
<Array>
<Name>Visual Model Offset</Name>
<Dimsize>4</Dimsize>
<Dimsize>4</Dimsize>
<SGL>
<Name></Name>
<Val>1.00000</Val>
</SGL>
<SGL>
<Name></Name>
<Val>0.00000</Val>
</SGL>
<SGL>
<Name></Name>
<Val>0.00000</Val>
</SGL>
<SGL>
<Name></Name>
<Val>0.00000</Val>
</SGL>
<SGL>
<Name></Name>
<Val>0.00000</Val>
</SGL>
<SGL>
<Name></Name>
<Val>1.00000</Val>
</SGL>
<SGL>
<Name></Name>
<Val>0.00000</Val>
</SGL>
<SGL>
<Name></Name>
<Val>0.00000</Val>
</SGL>
<SGL>
<Name></Name>
<Val>0.00000</Val>
</SGL>
<SGL>
<Name></Name>
<Val>0.00000</Val>
</SGL>
<SGL>
<Name></Name>
<Val>1.00000</Val>
</SGL>
<SGL>
<Name></Name>
<Val>0.00000</Val>
</SGL>
<SGL>
<Name></Name>
<Val>0.00000</Val>
</SGL>
<SGL>
<Name></Name>
<Val>0.00000</Val>
</SGL>
<SGL>
<Name></Name>
<Val>0.00000</Val>
</SGL>
<SGL>
<Name></Name>
<Val>1.00000</Val>
</SGL>
</Array>
</Cluster>
<Cluster>
<Name>3D_Physics_Cylinder.lvclass</Name>
<NumElts>3</NumElts>
<SGL>
<Name>Height</Name>
<Val>0.10000</Val>
</SGL>
<SGL>
<Name>Radius</Name>
<Val>2.00000E-3</Val>
</SGL>
<Refnum>
<Name>ODE Geometry</Name>
<RefKind>Generic</RefKind>
<RefType>LVODE</RefType>
<Val>0x00000000</Val>
</Refnum>
</Cluster>
</Object>
<Object>
<Name>ODE Simulator.lvlib:Base.lvclass</Name>
<NumLevels>2</NumLevels>
<Class>NI_Robotics_Simulator.lvlib:3D_Physics_Cylinder.lvclass</Class>
<Version>1.0.0.1</Version>
<Version>1.0.0.16</Version>
<Cluster>
<Name>3D_Physics_Base.lvclass</Name>
<NumElts>18</NumElts>
<String>
<Name>ID</Name>
<Val>Cylinder_O1</Val>
</String>
<Cluster>
<Name>Position</Name>
<NumElts>3</NumElts>
<SGL>
<Name>X</Name>
<Val>-2.00000E-2</Val>
</SGL>
<SGL>
<Name>Y</Name>
<Val>-2.00000E-2</Val>
</SGL>
<SGL>
<Name>Z</Name>
<Val>0.12600</Val>
</SGL>
</Cluster>
<Cluster>
<Name>Rotation</Name>
<NumElts>2</NumElts>
<Cluster>
<Name>Axis</Name>
<NumElts>3</NumElts>
<SGL>
<Name>X</Name>
<Val>0.00000</Val>
</SGL>
<SGL>
<Name>Y</Name>
<Val>0.00000</Val>
</SGL>
<SGL>
<Name>Z</Name>
<Val>1.00000</Val>
</SGL>
</Cluster>
<SGL>
<Name>Angle</Name>
<Val>0.00000</Val>
</SGL>
</Cluster>
<SGL>
<Name>Mass</Name>
<Val>1.00000</Val>
</SGL>
<Array>
<Name>Mass Center</Name>
<Dimsize>3</Dimsize>
<SGL>
<Name>num</Name>
<Val>0.00000</Val>
</SGL>
<SGL>
<Name>num</Name>
<Val>0.00000</Val>
</SGL>
<SGL>
<Name>num</Name>
<Val>0.00000</Val>
</SGL>
</Array>
<Array>
<Name>Inertia Matrix</Name>
<Dimsize>3</Dimsize>
<Dimsize>3</Dimsize>
<SGL>
<Name></Name>
<Val>0.00000</Val>
</SGL>
<SGL>
<Name></Name>
<Val>0.00000</Val>
</SGL>
<SGL>
<Name></Name>
<Val>0.00000</Val>
</SGL>
<SGL>
<Name></Name>
<Val>0.00000</Val>
</SGL>
<SGL>
<Name></Name>
<Val>0.00000</Val>
</SGL>
<SGL>
<Name></Name>
<Val>0.00000</Val>
</SGL>
<SGL>
<Name></Name>
<Val>0.00000</Val>
</SGL>
<SGL>
<Name></Name>
<Val>0.00000</Val>
</SGL>
<SGL>
<Name></Name>
<Val>0.00000</Val>
</SGL>
</Array>
<U16>
<Name>Material</Name>
<Val>3</Val>
</U16>
<Cluster>
<Name>Color</Name>
<NumElts>4</NumElts>
<SGL>
<Name>Red</Name>
<Val>0.82353</Val>
</SGL>
<SGL>
<Name>Green</Name>
<Val>0.82353</Val>
</SGL>
<SGL>
<Name>Blue</Name>
<Val>0.82353</Val>
</SGL>
<SGL>
<Name>Alpha</Name>
<Val>1.00000</Val>
</SGL>
</Cluster>
<Path>
<Name>Model File (.ive)</Name>
<Val></Val>
</Path>
<Path>
<Name>Model File (.stl)</Name>
<Val></Val>
</Path>
<Path>
<Name>Texture File (.png)</Name>
<Val></Val>
</Path>
<String>
<Name>Sub-Space</Name>
<Val></Val>
</String>
<Boolean>
<Name>Kinematic</Name>
<Val>0</Val>
</Boolean>
<Boolean>
<Name>Visible</Name>
<Val>1</Val>
</Boolean>
<U16>
<Name>Draw Mode</Name>
<Val>0</Val>
</U16>
<Refnum>
<Name>3D Object</Name>
<RefKind>LV Object</RefKind>
<RefType>Scene</RefType>
<Val>0x00000000</Val>
</Refnum>
<Refnum>
<Name>ODE Body</Name>
<RefKind>Generic</RefKind>
<RefType>LVODE</RefType>
<Val>0x00000000</Val>
</Refnum>
<Array>
<Name>Visual Model Offset</Name>
<Dimsize>4</Dimsize>
<Dimsize>4</Dimsize>
<SGL>
<Name></Name>
<Val>1.00000</Val>
</SGL>
<SGL>
<Name></Name>
<Val>0.00000</Val>
</SGL>
<SGL>
<Name></Name>
<Val>0.00000</Val>
</SGL>
<SGL>
<Name></Name>
<Val>0.00000</Val>
</SGL>
<SGL>
<Name></Name>
<Val>0.00000</Val>
</SGL>
<SGL>
<Name></Name>
<Val>1.00000</Val>
</SGL>
<SGL>
<Name></Name>
<Val>0.00000</Val>
</SGL>
<SGL>
<Name></Name>
<Val>0.00000</Val>
</SGL>
<SGL>
<Name></Name>
<Val>0.00000</Val>
</SGL>
<SGL>
<Name></Name>
<Val>0.00000</Val>
</SGL>
<SGL>
<Name></Name>
<Val>1.00000</Val>
</SGL>
<SGL>
<Name></Name>
<Val>0.00000</Val>
</SGL>
<SGL>
<Name></Name>
<Val>0.00000</Val>
</SGL>
<SGL>
<Name></Name>
<Val>0.00000</Val>
</SGL>
<SGL>
<Name></Name>
<Val>0.00000</Val>
</SGL>
<SGL>
<Name></Name>
<Val>1.00000</Val>
</SGL>
</Array>
</Cluster>
<Cluster>
<Name>3D_Physics_Cylinder.lvclass</Name>
<NumElts>3</NumElts>
<SGL>
<Name>Height</Name>
<Val>0.10000</Val>
</SGL>
<SGL>
<Name>Radius</Name>
<Val>2.00000E-3</Val>
</SGL>
<Refnum>
<Name>ODE Geometry</Name>
<RefKind>Generic</RefKind>
<RefType>LVODE</RefType>
<Val>0x00000000</Val>
</Refnum>
</Cluster>
</Object>
<Object>
<Name>ODE Simulator.lvlib:Base.lvclass</Name>
<NumLevels>2</NumLevels>
<Class>NI_Robotics_Simulator.lvlib:3D_Physics_Cylinder.lvclass</Class>
<Version>1.0.0.1</Version>
<Version>1.0.0.16</Version>
<Cluster>
<Name>3D_Physics_Base.lvclass</Name>
<NumElts>18</NumElts>
<String>
<Name>ID</Name>
<Val>Cylinder_O1_O0</Val>
</String>
<Cluster>
<Name>Position</Name>
<NumElts>3</NumElts>
<SGL>
<Name>X</Name>
<Val>2.00000E-2</Val>
</SGL>
<SGL>
<Name>Y</Name>
<Val>-2.00000E-2</Val>
</SGL>
<SGL>
<Name>Z</Name>
<Val>0.12600</Val>
</SGL>
</Cluster>
<Cluster>
<Name>Rotation</Name>
<NumElts>2</NumElts>
<Cluster>
<Name>Axis</Name>
<NumElts>3</NumElts>
<SGL>
<Name>X</Name>
<Val>0.00000</Val>
</SGL>
<SGL>
<Name>Y</Name>
<Val>0.00000</Val>
</SGL>
<SGL>
<Name>Z</Name>
<Val>1.00000</Val>
</SGL>
</Cluster>
<SGL>
<Name>Angle</Name>
<Val>0.00000</Val>
</SGL>
</Cluster>
<SGL>
<Name>Mass</Name>
<Val>1.00000</Val>
</SGL>
<Array>
<Name>Mass Center</Name>
<Dimsize>3</Dimsize>
<SGL>
<Name>num</Name>
<Val>0.00000</Val>
</SGL>
<SGL>
<Name>num</Name>
<Val>0.00000</Val>
</SGL>
<SGL>
<Name>num</Name>
<Val>0.00000</Val>
</SGL>
</Array>
<Array>
<Name>Inertia Matrix</Name>
<Dimsize>3</Dimsize>
<Dimsize>3</Dimsize>
<SGL>
<Name></Name>
<Val>0.00000</Val>
</SGL>
<SGL>
<Name></Name>
<Val>0.00000</Val>
</SGL>
<SGL>
<Name></Name>
<Val>0.00000</Val>
</SGL>
<SGL>
<Name></Name>
<Val>0.00000</Val>
</SGL>
<SGL>
<Name></Name>
<Val>0.00000</Val>
</SGL>
<SGL>
<Name></Name>
<Val>0.00000</Val>
</SGL>
<SGL>
<Name></Name>
<Val>0.00000</Val>
</SGL>
<SGL>
<Name></Name>
<Val>0.00000</Val>
</SGL>
<SGL>
<Name></Name>
<Val>0.00000</Val>
</SGL>
</Array>
<U16>
<Name>Material</Name>
<Val>3</Val>
</U16>
<Cluster>
<Name>Color</Name>
<NumElts>4</NumElts>
<SGL>
<Name>Red</Name>
<Val>0.82353</Val>
</SGL>
<SGL>
<Name>Green</Name>
<Val>0.82353</Val>
</SGL>
<SGL>
<Name>Blue</Name>
<Val>0.82353</Val>
</SGL>
<SGL>
<Name>Alpha</Name>
<Val>1.00000</Val>
</SGL>
</Cluster>
<Path>
<Name>Model File (.ive)</Name>
<Val></Val>
</Path>
<Path>
<Name>Model File (.stl)</Name>
<Val></Val>
</Path>
<Path>
<Name>Texture File (.png)</Name>
<Val></Val>
</Path>
<String>
<Name>Sub-Space</Name>
<Val></Val>
</String>
<Boolean>
<Name>Kinematic</Name>
<Val>0</Val>
</Boolean>
<Boolean>
<Name>Visible</Name>
<Val>1</Val>
</Boolean>
<U16>
<Name>Draw Mode</Name>
<Val>0</Val>
</U16>
<Refnum>
<Name>3D Object</Name>
<RefKind>LV Object</RefKind>
<RefType>Scene</RefType>
<Val>0x00000000</Val>
</Refnum>
<Refnum>
<Name>ODE Body</Name>
<RefKind>Generic</RefKind>
<RefType>LVODE</RefType>
<Val>0x00000000</Val>
</Refnum>
<Array>
<Name>Visual Model Offset</Name>
<Dimsize>4</Dimsize>
<Dimsize>4</Dimsize>
<SGL>
<Name></Name>
<Val>1.00000</Val>
</SGL>
<SGL>
<Name></Name>
<Val>0.00000</Val>
</SGL>
<SGL>
<Name></Name>
<Val>0.00000</Val>
</SGL>
<SGL>
<Name></Name>
<Val>0.00000</Val>
</SGL>
<SGL>
<Name></Name>
<Val>0.00000</Val>
</SGL>
<SGL>
<Name></Name>
<Val>1.00000</Val>
</SGL>
<SGL>
<Name></Name>
<Val>0.00000</Val>
</SGL>
<SGL>
<Name></Name>
<Val>0.00000</Val>
</SGL>
<SGL>
<Name></Name>
<Val>0.00000</Val>
</SGL>
<SGL>
<Name></Name>
<Val>0.00000</Val>
</SGL>
<SGL>
<Name></Name>
<Val>1.00000</Val>
</SGL>
<SGL>
<Name></Name>
<Val>0.00000</Val>
</SGL>
<SGL>
<Name></Name>
<Val>0.00000</Val>
</SGL>
<SGL>
<Name></Name>
<Val>0.00000</Val>
</SGL>
<SGL>
<Name></Name>
<Val>0.00000</Val>
</SGL>
<SGL>
<Name></Name>
<Val>1.00000</Val>
</SGL>
</Array>
</Cluster>
<Cluster>
<Name>3D_Physics_Cylinder.lvclass</Name>
<NumElts>3</NumElts>
<SGL>
<Name>Height</Name>
<Val>0.10000</Val>
</SGL>
<SGL>
<Name>Radius</Name>
<Val>2.00000E-3</Val>
</SGL>
<Refnum>
<Name>ODE Geometry</Name>
<RefKind>Generic</RefKind>
<RefType>LVODE</RefType>
<Val>0x00000000</Val>
</Refnum>
</Cluster>
</Object>
</Array>
<Array>
<Name>Motors</Name>
<Dimsize>0</Dimsize>
<Object>
<Name>ODE Simulator.lvlib:Motor.lvclass</Name>
</Object>
</Array>
<Array>
<Name>Joints</Name>
<Dimsize>6</Dimsize>
<Object>
<Name>NI_Robotics_Simulator.lvlib:ODESimulator_Joint.lvclass</Name>
<NumLevels>1</NumLevels>
<Class>NI_Robotics_Simulator.lvlib:ODESimulator_Joint.lvclass</Class>
<Version>1.0.0.19</Version>
<Cluster>
<Name>ODESimulator_Joint.lvclass</Name>
<NumElts>13</NumElts>
<String>
<Name>ID</Name>
<Val>Joint_J0</Val>
</String>
<EW>
<Name>Type</Name>
<Choice>Ball</Choice>
<Choice>Hinge</Choice>
<Choice>Slider</Choice>
<Choice>Universal</Choice>
<Choice>Hinge2</Choice>
<Choice>PR</Choice>
<Choice>PU</Choice>
<Choice>Piston</Choice>
<Choice>Fixed</Choice>
<Choice>Null</Choice>
<Val>8</Val>
</EW>
<Cluster>
<Name>Position</Name>
<NumElts>3</NumElts>
<SGL>
<Name>X</Name>
<Val>0.00000</Val>
</SGL>
<SGL>
<Name>Y</Name>
<Val>3.80000E-2</Val>
</SGL>
<SGL>
<Name>Z</Name>
<Val>1.90000E-2</Val>
</SGL>
</Cluster>
<Cluster>
<Name>Rotation</Name>
<NumElts>2</NumElts>
<Cluster>
<Name>Axis</Name>
<NumElts>3</NumElts>
<SGL>
<Name>X</Name>
<Val>0.00000</Val>
</SGL>
<SGL>
<Name>Y</Name>
<Val>0.00000</Val>
</SGL>
<SGL>
<Name>Z</Name>
<Val>1.00000</Val>
</SGL>
</Cluster>
<SGL>
<Name>Angle</Name>
<Val>1.57080</Val>
</SGL>
</Cluster>
<DBL>
<Name>Scale</Name>
<Val>0.50000011920929</Val>
</DBL>
<Array>
<Name>Components ID</Name>
<Dimsize>2</Dimsize>
<String>
<Name>String</Name>
<Val>Box</Val>
</String>
<String>
<Name>String</Name>
<Val>Box_O0</Val>
</String>
</Array>
<String>
<Name>Parameters</Name>
<Val>[CFM]	0,00001
</Val>
</String>
<U16>
<Name>Draw Mode</Name>
<Val>0</Val>
</U16>
<Refnum>
<Name>3D Object</Name>
<RefKind>LV Object</RefKind>
<RefType>Scene</RefType>
<Val>0x00000000</Val>
</Refnum>
<Refnum>
<Name>LVODE Refnum</Name>
<RefKind>Generic</RefKind>
<RefType>LVODE</RefType>
<Val>0x00000000</Val>
</Refnum>
<Boolean>
<Name>Feedback</Name>
<Val>0</Val>
</Boolean>
<Refnum>
<Name>LVODE ForceSensor Refnum</Name>
<RefKind>Generic</RefKind>
<RefType>LVODE</RefType>
<Val>0x00000000</Val>
</Refnum>
<U16>
<Name>ExtendType</Name>
<Val>0</Val>
</U16>
</Cluster>
</Object>
<Object>
<Name>NI_Robotics_Simulator.lvlib:ODESimulator_Joint.lvclass</Name>
<NumLevels>1</NumLevels>
<Class>NI_Robotics_Simulator.lvlib:ODESimulator_Joint.lvclass</Class>
<Version>1.0.0.19</Version>
<Cluster>
<Name>ODESimulator_Joint.lvclass</Name>
<NumElts>13</NumElts>
<String>
<Name>ID</Name>
<Val>Joint_J1</Val>
</String>
<EW>
<Name>Type</Name>
<Choice>Ball</Choice>
<Choice>Hinge</Choice>
<Choice>Slider</Choice>
<Choice>Universal</Choice>
<Choice>Hinge2</Choice>
<Choice>PR</Choice>
<Choice>PU</Choice>
<Choice>Piston</Choice>
<Choice>Fixed</Choice>
<Choice>Null</Choice>
<Val>8</Val>
</EW>
<Cluster>
<Name>Position</Name>
<NumElts>3</NumElts>
<SGL>
<Name>X</Name>
<Val>0.00000</Val>
</SGL>
<SGL>
<Name>Y</Name>
<Val>3.80000E-2</Val>
</SGL>
<SGL>
<Name>Z</Name>
<Val>1.90000E-2</Val>
</SGL>
</Cluster>
<Cluster>
<Name>Rotation</Name>
<NumElts>2</NumElts>
<Cluster>
<Name>Axis</Name>
<NumElts>3</NumElts>
<SGL>
<Name>X</Name>
<Val>0.00000</Val>
</SGL>
<SGL>
<Name>Y</Name>
<Val>0.00000</Val>
</SGL>
<SGL>
<Name>Z</Name>
<Val>1.00000</Val>
</SGL>
</Cluster>
<SGL>
<Name>Angle</Name>
<Val>1.57080</Val>
</SGL>
</Cluster>
<DBL>
<Name>Scale</Name>
<Val>0.20000000298023</Val>
</DBL>
<Array>
<Name>Components ID</Name>
<Dimsize>2</Dimsize>
<String>
<Name>String</Name>
<Val>Box</Val>
</String>
<String>
<Name>String</Name>
<Val>Box_O1</Val>
</String>
</Array>
<String>
<Name>Parameters</Name>
<Val>[CFM]	0,00001
</Val>
</String>
<U16>
<Name>Draw Mode</Name>
<Val>0</Val>
</U16>
<Refnum>
<Name>3D Object</Name>
<RefKind>LV Object</RefKind>
<RefType>Scene</RefType>
<Val>0x00000000</Val>
</Refnum>
<Refnum>
<Name>LVODE Refnum</Name>
<RefKind>Generic</RefKind>
<RefType>LVODE</RefType>
<Val>0x00000000</Val>
</Refnum>
<Boolean>
<Name>Feedback</Name>
<Val>0</Val>
</Boolean>
<Refnum>
<Name>LVODE ForceSensor Refnum</Name>
<RefKind>Generic</RefKind>
<RefType>LVODE</RefType>
<Val>0x00000000</Val>
</Refnum>
<U16>
<Name>ExtendType</Name>
<Val>0</Val>
</U16>
</Cluster>
</Object>
<Object>
<Name>NI_Robotics_Simulator.lvlib:ODESimulator_Joint.lvclass</Name>
<NumLevels>1</NumLevels>
<Class>NI_Robotics_Simulator.lvlib:ODESimulator_Joint.lvclass</Class>
<Version>1.0.0.19</Version>
<Cluster>
<Name>ODESimulator_Joint.lvclass</Name>
<NumElts>13</NumElts>
<String>
<Name>ID</Name>
<Val>Joint_J2</Val>
</String>
<EW>
<Name>Type</Name>
<Choice>Ball</Choice>
<Choice>Hinge</Choice>
<Choice>Slider</Choice>
<Choice>Universal</Choice>
<Choice>Hinge2</Choice>
<Choice>PR</Choice>
<Choice>PU</Choice>
<Choice>Piston</Choice>
<Choice>Fixed</Choice>
<Choice>Null</Choice>
<Val>8</Val>
</EW>
<Cluster>
<Name>Position</Name>
<NumElts>3</NumElts>
<SGL>
<Name>X</Name>
<Val>2.00000E-2</Val>
</SGL>
<SGL>
<Name>Y</Name>
<Val>2.00000E-2</Val>
</SGL>
<SGL>
<Name>Z</Name>
<Val>0.12600</Val>
</SGL>
</Cluster>
<Cluster>
<Name>Rotation</Name>
<NumElts>2</NumElts>
<Cluster>
<Name>Axis</Name>
<NumElts>3</NumElts>
<SGL>
<Name>X</Name>
<Val>0.00000</Val>
</SGL>
<SGL>
<Name>Y</Name>
<Val>0.00000</Val>
</SGL>
<SGL>
<Name>Z</Name>
<Val>1.00000</Val>
</SGL>
</Cluster>
<SGL>
<Name>Angle</Name>
<Val>0.00000</Val>
</SGL>
</Cluster>
<DBL>
<Name>Scale</Name>
<Val>8.00000131130219E-2</Val>
</DBL>
<Array>
<Name>Components ID</Name>
<Dimsize>2</Dimsize>
<String>
<Name>String</Name>
<Val>Box</Val>
</String>
<String>
<Name>String</Name>
<Val>Cylinder</Val>
</String>
</Array>
<String>
<Name>Parameters</Name>
<Val>[CFM]	0,00001
</Val>
</String>
<U16>
<Name>Draw Mode</Name>
<Val>0</Val>
</U16>
<Refnum>
<Name>3D Object</Name>
<RefKind>LV Object</RefKind>
<RefType>Scene</RefType>
<Val>0x00000000</Val>
</Refnum>
<Refnum>
<Name>LVODE Refnum</Name>
<RefKind>Generic</RefKind>
<RefType>LVODE</RefType>
<Val>0x00000000</Val>
</Refnum>
<Boolean>
<Name>Feedback</Name>
<Val>0</Val>
</Boolean>
<Refnum>
<Name>LVODE ForceSensor Refnum</Name>
<RefKind>Generic</RefKind>
<RefType>LVODE</RefType>
<Val>0x00000000</Val>
</Refnum>
<U16>
<Name>ExtendType</Name>
<Val>0</Val>
</U16>
</Cluster>
</Object>
<Object>
<Name>NI_Robotics_Simulator.lvlib:ODESimulator_Joint.lvclass</Name>
<NumLevels>1</NumLevels>
<Class>NI_Robotics_Simulator.lvlib:ODESimulator_Joint.lvclass</Class>
<Version>1.0.0.19</Version>
<Cluster>
<Name>ODESimulator_Joint.lvclass</Name>
<NumElts>13</NumElts>
<String>
<Name>ID</Name>
<Val>Joint_J3</Val>
</String>
<EW>
<Name>Type</Name>
<Choice>Ball</Choice>
<Choice>Hinge</Choice>
<Choice>Slider</Choice>
<Choice>Universal</Choice>
<Choice>Hinge2</Choice>
<Choice>PR</Choice>
<Choice>PU</Choice>
<Choice>Piston</Choice>
<Choice>Fixed</Choice>
<Choice>Null</Choice>
<Val>8</Val>
</EW>
<Cluster>
<Name>Position</Name>
<NumElts>3</NumElts>
<SGL>
<Name>X</Name>
<Val>2.00000E-2</Val>
</SGL>
<SGL>
<Name>Y</Name>
<Val>2.00000E-2</Val>
</SGL>
<SGL>
<Name>Z</Name>
<Val>0.12600</Val>
</SGL>
</Cluster>
<Cluster>
<Name>Rotation</Name>
<NumElts>2</NumElts>
<Cluster>
<Name>Axis</Name>
<NumElts>3</NumElts>
<SGL>
<Name>X</Name>
<Val>0.00000</Val>
</SGL>
<SGL>
<Name>Y</Name>
<Val>0.00000</Val>
</SGL>
<SGL>
<Name>Z</Name>
<Val>1.00000</Val>
</SGL>
</Cluster>
<SGL>
<Name>Angle</Name>
<Val>0.00000</Val>
</SGL>
</Cluster>
<DBL>
<Name>Scale</Name>
<Val>0.20000000298023</Val>
</DBL>
<Array>
<Name>Components ID</Name>
<Dimsize>2</Dimsize>
<String>
<Name>String</Name>
<Val>Box</Val>
</String>
<String>
<Name>String</Name>
<Val>Cylinder_O0</Val>
</String>
</Array>
<String>
<Name>Parameters</Name>
<Val>[CFM]	0,00001
</Val>
</String>
<U16>
<Name>Draw Mode</Name>
<Val>0</Val>
</U16>
<Refnum>
<Name>3D Object</Name>
<RefKind>LV Object</RefKind>
<RefType>Scene</RefType>
<Val>0x00000000</Val>
</Refnum>
<Refnum>
<Name>LVODE Refnum</Name>
<RefKind>Generic</RefKind>
<RefType>LVODE</RefType>
<Val>0x00000000</Val>
</Refnum>
<Boolean>
<Name>Feedback</Name>
<Val>0</Val>
</Boolean>
<Refnum>
<Name>LVODE ForceSensor Refnum</Name>
<RefKind>Generic</RefKind>
<RefType>LVODE</RefType>
<Val>0x00000000</Val>
</Refnum>
<U16>
<Name>ExtendType</Name>
<Val>0</Val>
</U16>
</Cluster>
</Object>
<Object>
<Name>NI_Robotics_Simulator.lvlib:ODESimulator_Joint.lvclass</Name>
<NumLevels>1</NumLevels>
<Class>NI_Robotics_Simulator.lvlib:ODESimulator_Joint.lvclass</Class>
<Version>1.0.0.19</Version>
<Cluster>
<Name>ODESimulator_Joint.lvclass</Name>
<NumElts>13</NumElts>
<String>
<Name>ID</Name>
<Val>Joint_J4</Val>
</String>
<EW>
<Name>Type</Name>
<Choice>Ball</Choice>
<Choice>Hinge</Choice>
<Choice>Slider</Choice>
<Choice>Universal</Choice>
<Choice>Hinge2</Choice>
<Choice>PR</Choice>
<Choice>PU</Choice>
<Choice>Piston</Choice>
<Choice>Fixed</Choice>
<Choice>Null</Choice>
<Val>8</Val>
</EW>
<Cluster>
<Name>Position</Name>
<NumElts>3</NumElts>
<SGL>
<Name>X</Name>
<Val>-2.00000E-2</Val>
</SGL>
<SGL>
<Name>Y</Name>
<Val>2.00000E-2</Val>
</SGL>
<SGL>
<Name>Z</Name>
<Val>0.12600</Val>
</SGL>
</Cluster>
<Cluster>
<Name>Rotation</Name>
<NumElts>2</NumElts>
<Cluster>
<Name>Axis</Name>
<NumElts>3</NumElts>
<SGL>
<Name>X</Name>
<Val>0.00000</Val>
</SGL>
<SGL>
<Name>Y</Name>
<Val>0.00000</Val>
</SGL>
<SGL>
<Name>Z</Name>
<Val>1.00000</Val>
</SGL>
</Cluster>
<SGL>
<Name>Angle</Name>
<Val>0.00000</Val>
</SGL>
</Cluster>
<DBL>
<Name>Scale</Name>
<Val>0.20000000298023</Val>
</DBL>
<Array>
<Name>Components ID</Name>
<Dimsize>2</Dimsize>
<String>
<Name>String</Name>
<Val>Box</Val>
</String>
<String>
<Name>String</Name>
<Val>Cylinder_O1</Val>
</String>
</Array>
<String>
<Name>Parameters</Name>
<Val>[CFM]	0,00001
</Val>
</String>
<U16>
<Name>Draw Mode</Name>
<Val>0</Val>
</U16>
<Refnum>
<Name>3D Object</Name>
<RefKind>LV Object</RefKind>
<RefType>Scene</RefType>
<Val>0x00000000</Val>
</Refnum>
<Refnum>
<Name>LVODE Refnum</Name>
<RefKind>Generic</RefKind>
<RefType>LVODE</RefType>
<Val>0x00000000</Val>
</Refnum>
<Boolean>
<Name>Feedback</Name>
<Val>0</Val>
</Boolean>
<Refnum>
<Name>LVODE ForceSensor Refnum</Name>
<RefKind>Generic</RefKind>
<RefType>LVODE</RefType>
<Val>0x00000000</Val>
</Refnum>
<U16>
<Name>ExtendType</Name>
<Val>0</Val>
</U16>
</Cluster>
</Object>
<Object>
<Name>NI_Robotics_Simulator.lvlib:ODESimulator_Joint.lvclass</Name>
<NumLevels>1</NumLevels>
<Class>NI_Robotics_Simulator.lvlib:ODESimulator_Joint.lvclass</Class>
<Version>1.0.0.19</Version>
<Cluster>
<Name>ODESimulator_Joint.lvclass</Name>
<NumElts>13</NumElts>
<String>
<Name>ID</Name>
<Val>Joint_J5</Val>
</String>
<EW>
<Name>Type</Name>
<Choice>Ball</Choice>
<Choice>Hinge</Choice>
<Choice>Slider</Choice>
<Choice>Universal</Choice>
<Choice>Hinge2</Choice>
<Choice>PR</Choice>
<Choice>PU</Choice>
<Choice>Piston</Choice>
<Choice>Fixed</Choice>
<Choice>Null</Choice>
<Val>8</Val>
</EW>
<Cluster>
<Name>Position</Name>
<NumElts>3</NumElts>
<SGL>
<Name>X</Name>
<Val>-2.00000E-2</Val>
</SGL>
<SGL>
<Name>Y</Name>
<Val>-2.00000E-2</Val>
</SGL>
<SGL>
<Name>Z</Name>
<Val>0.12600</Val>
</SGL>
</Cluster>
<Cluster>
<Name>Rotation</Name>
<NumElts>2</NumElts>
<Cluster>
<Name>Axis</Name>
<NumElts>3</NumElts>
<SGL>
<Name>X</Name>
<Val>0.00000</Val>
</SGL>
<SGL>
<Name>Y</Name>
<Val>0.00000</Val>
</SGL>
<SGL>
<Name>Z</Name>
<Val>1.00000</Val>
</SGL>
</Cluster>
<SGL>
<Name>Angle</Name>
<Val>0.00000</Val>
</SGL>
</Cluster>
<DBL>
<Name>Scale</Name>
<Val>0.20000000298023</Val>
</DBL>
<Array>
<Name>Components ID</Name>
<Dimsize>2</Dimsize>
<String>
<Name>String</Name>
<Val>Box</Val>
</String>
<String>
<Name>String</Name>
<Val>Cylinder_O1_O0</Val>
</String>
</Array>
<String>
<Name>Parameters</Name>
<Val>[CFM]	0,00001
</Val>
</String>
<U16>
<Name>Draw Mode</Name>
<Val>0</Val>
</U16>
<Refnum>
<Name>3D Object</Name>
<RefKind>LV Object</RefKind>
<RefType>Scene</RefType>
<Val>0x00000000</Val>
</Refnum>
<Refnum>
<Name>LVODE Refnum</Name>
<RefKind>Generic</RefKind>
<RefType>LVODE</RefType>
<Val>0x00000000</Val>
</Refnum>
<Boolean>
<Name>Feedback</Name>
<Val>0</Val>
</Boolean>
<Refnum>
<Name>LVODE ForceSensor Refnum</Name>
<RefKind>Generic</RefKind>
<RefType>LVODE</RefType>
<Val>0x00000000</Val>
</Refnum>
<U16>
<Name>ExtendType</Name>
<Val>0</Val>
</U16>
</Cluster>
</Object>
</Array>
<Refnum>
<Name>3D Object</Name>
<RefKind>LV Object</RefKind>
<RefType>Scene</RefType>
<Val>0x00000000</Val>
</Refnum>
<Refnum>
<Name>Body</Name>
<RefKind>Generic</RefKind>
<RefType>LVODE</RefType>
<Val>0x00000000</Val>
</Refnum>
<U16>
<Name>Draw Mode</Name>
<Val>0</Val>
</U16>
<Array>
<Name>Conveyors</Name>
<Dimsize>0</Dimsize>
<Object>
<Name>NI_Robotics_Simulator.lvlib:ODESimulator_Base_Conveyor.lvclass</Name>
</Object>
</Array>
</Cluster>
</Object>
</LVData>